Gene	n_hits	n_unique_SNP	top_p	top_tissue	top_tissue_label	top_snp
RBM6	221	17	1.73433505915468e-36	Brain_Cortex.v10.eQTLs	Cortex	rs11130222
REELD1	970	97	1.5516976135825e-35	Brain_Cerebellar_Hemisphere.v10.eQTLs	Cerebellar Hemisphere	rs1865531
ARTN	35	14	2.85164697372447e-30	Brain_Cerebellum.v10.eQTLs	Cerebellum	rs4660754
INKA1	34	17	1.31596787571334e-19	Brain_Cerebellar_Hemisphere.v10.eQTLs	Cerebellar Hemisphere	rs55692411
RNF123	157	17	7.06826637697004e-18	Brain_Cerebellum.v10.eQTLs	Cerebellum	rs11709573
LINC02918	28	9	1.46026225760687e-14	Brain_Nucleus_accumbens_basal_ganglia.v10.eQTLs	Nucleus accumbens	rs4660754
MEF2C-AS2	47	26	2.74198318903546e-14	Brain_Cerebellar_Hemisphere.v10.eQTLs	Cerebellar Hemisphere	rs188581
LSM6	535	97	4.27270149587968e-14	Brain_Cerebellar_Hemisphere.v10.eQTLs	Cerebellar Hemisphere	rs3756081
RECQL4	257	38	7.22194277733032e-13	Brain_Frontal_Cortex_BA9.v10.eQTLs	Frontal Cortex (BA9)	rs7003836
GMPPB	171	17	2.09836665940489e-11	Brain_Cerebellum.v10.eQTLs	Cerebellum	rs7613360
TIE1	254	51	5.33427038354826e-10	Brain_Cortex.v10.eQTLs	Cortex	rs2275180
MST1R	146	17	7.58191160694581e-10	Brain_Cerebellum.v10.eQTLs	Cerebellum	rs952594
ZFTRAF1	105	38	1.17588251369416e-09	Brain_Cerebellar_Hemisphere.v10.eQTLs	Cerebellar Hemisphere	rs67392224
ZNF251	50	38	2.76802122586426e-09	Brain_Cerebellum.v10.eQTLs	Cerebellum	rs13258307
MED8	253	50	5.33361649282766e-09	Brain_Caudate_basal_ganglia.v10.eQTLs	Caudate	rs1199036
HYAL3	72	17	6.49424538715035e-09	Brain_Nucleus_accumbens_basal_ganglia.v10.eQTLs	Nucleus accumbens	rs2883059
SEMA3F	52	17	8.57448270081717e-08	Brain_Cortex.v10.eQTLs	Cortex	rs2883059
TMEM161B-DT	22	6	1.29248331868103e-07	Brain_Caudate_basal_ganglia.v10.eQTLs	Caudate	rs4916723
CDC20	71	50	2.20701904234173e-07	Brain_Hippocampus.v10.eQTLs	Hippocampus	rs1209384
KIFC2	121	38	3.72802294082356e-07	Brain_Hypothalamus.v10.eQTLs	Hypothalamus	rs10435711
RPL8	58	35	4.39083235187944e-07	Brain_Cerebellar_Hemisphere.v10.eQTLs	Cerebellar Hemisphere	rs28970743
MEF2C	41	21	8.59757763238525e-07	Brain_Cerebellum.v10.eQTLs	Cerebellum	rs188581
ELOVL1	53	51	1.16875798891271e-06	Brain_Hippocampus.v10.eQTLs	Hippocampus	rs839755
NAA80	50	17	1.67907255239555e-06	Brain_Anterior_cingulate_cortex_BA24.v10.eQTLs	ACC (BA24)	rs3796386
SZT2	59	59	2.16286766476056e-06	Brain_Cerebellar_Hemisphere.v10.eQTLs	Cerebellar Hemisphere	rs1098184
C8orf82	17	8	2.68918752350459e-06	Brain_Cerebellum.v10.eQTLs	Cerebellum	rs9071
ST3GAL3	9	8	3.04223743229396e-06	Brain_Cerebellum.v10.eQTLs	Cerebellum	rs653953
COL19A1	21	21	3.32756217788714e-06	Brain_Cerebellum.v10.eQTLs	Cerebellum	rs6928404
ZNF34	48	31	3.49370426499984e-06	Brain_Cerebellum.v10.eQTLs	Cerebellum	rs13258307
DCC	36	36	4.20574875490815e-06	Brain_Cerebellar_Hemisphere.v10.eQTLs	Cerebellar Hemisphere	rs4245253
GSCAR	45	21	4.28117400516524e-06	Brain_Frontal_Cortex_BA9.v10.eQTLs	Frontal Cortex (BA9)	rs188581
ATP2B1	9	9	6.52443110280161e-06	Brain_Cerebellum.v10.eQTLs	Cerebellum	rs10506965
CAMKV	17	17	1.12598088999218e-05	Brain_Cortex.v10.eQTLs	Cortex	rs7613360
METTL15	76	76	1.21185985153891e-05	Brain_Spinal_cord_cervical_c-1.v10.eQTLs	Spinal cord (C1)	rs4923536
CCDC24	2	1	1.2930728174784e-05	Brain_Cerebellar_Hemisphere.v10.eQTLs	Cerebellar Hemisphere	rs113551349
GPX1	59	17	1.29433943987979e-05	Brain_Frontal_Cortex_BA9.v10.eQTLs	Frontal Cortex (BA9)	rs7613360
C3orf86P	1	1	1.50067913645094e-05	Brain_Hypothalamus.v10.eQTLs	Hypothalamus	rs9877066
FOXP1-DT	25	25	1.84102093702813e-05	Brain_Hippocampus.v10.eQTLs	Hippocampus	rs6549393
DMAP1	6	6	2.92545423882569e-05	Brain_Caudate_basal_ganglia.v10.eQTLs	Caudate	rs4660253
RASSF1	17	17	3.14046698872705e-05	Brain_Cerebellum.v10.eQTLs	Cerebellum	rs7613360
ARHGAP39	12	12	3.39729361030325e-05	Brain_Cerebellar_Hemisphere.v10.eQTLs	Cerebellar Hemisphere	rs4925811
SLC39A4	1	1	3.85861302033312e-05	Brain_Cerebellum.v10.eQTLs	Cerebellum	rs6989368
LRRC14	1	1	5.43419579945767e-05	Brain_Cerebellum.v10.eQTLs	Cerebellum	rs28970743
STAG3L4	4	4	6.24874603668958e-05	Brain_Anterior_cingulate_cortex_BA24.v10.eQTLs	ACC (BA24)	rs73145545
SNRK	1	1	0.000110647044138689	Brain_Cerebellum.v10.eQTLs	Cerebellum	rs145682061
GPT	2	2	0.000112434953292442	Brain_Caudate_basal_ganglia.v10.eQTLs	Caudate	rs1055167
AMT	2	2	0.000238302236680501	Brain_Hippocampus.v10.eQTLs	Hippocampus	rs3796386
TMEM161B	1	1	0.000267320886671617	Brain_Cerebellum.v10.eQTLs	Cerebellum	rs4916723
C3orf62	16	16	0.000270395858735688	Brain_Cerebellum.v10.eQTLs	Cerebellum	rs11709573
